,mu,sig,tau
1,1.173869471,0.275229098,0.286809672
2,1.109872441,0.282442001,0.384481798
3,1.261234568,0.255548112,0.388012617
4,1.670300483,0.383445676,0.522642945
5,2.107570945,0.438183388,0.457873899
6,2.614498233,0.662128806,0.320793042
7,1.440101557,0.359254802,0.612816935
8,1.846127004,0.163583113,0.382757249
9,1.489435204,0.371831881,0.344414751
10,1.463806858,0.182608879,0.776337464
