,mu,sig,tau
1,1.173869471,1.109872441,1.261234568
2,1.670300483,2.107570945,2.614498233
3,1.440101557,1.846127004,1.489435204
4,1.463806858,0.275229098,0.282442001
5,0.255548112,0.383445676,0.438183388
6,0.662128806,0.359254802,0.163583113
7,0.371831881,0.182608879,0.286809672
8,0.384481798,0.388012617,0.522642945
9,0.457873899,0.320793042,0.612816935
10,0.382757249,0.344414751,0.776337464
