,kappa,theta
1,14.70759196,0.099073609
2,14.76035889,0.110859659
3,18.13044007,0.141086927
4,10.1325346,0.200712779
5,14.06109638,0.130328664
6,11.39718655,0.130350898
7,13.26542574,0.164293677
8,15.79039166,0.186770217
9,37.12620874,0.059424654
10,10.47664382,0.209460253
