,kappa,theta
1,14.70759196,11.39718655
2,14.76035889,13.26542574
3,18.13044007,15.79039166
4,10.1325346,37.12620874
5,14.06109638,10.47664382
6,0.099073609,0.130350898
7,0.110859659,0.164293677
8,0.141086927,0.186770217
9,0.200712779,0.059424654
10,0.130328664,0.209460253
