,Gamma,Exg,Wald
1,3.49516863,2.689179801,6.062405684
2,0.81018227,1.618071345,2.1092627
3,2.838840315,10.5594619,0.067146807
4,18.65372543,2.200286978,3.359113995
5,2.901140362,0.319038844,1.738567413
6,0.292660941,2.52480331,0.45193135
7,0.084380336,0.094803817,4.691911628
8,2.311384712,4.754749455,0.082565444
9,1.611365909,4.996757379,1.578087037
10,7.622812525,1.189926415,11.30864862
