,Gamma,Exg,Wald
1,3.49516863,2.200286978,4.691911628
2,2.689179801,3.359113995,2.311384712
3,6.062405684,2.901140362,4.754749455
4,0.81018227,0.319038844,0.082565444
5,1.618071345,1.738567413,1.611365909
6,2.1092627,0.292660941,4.996757379
7,2.838840315,2.52480331,1.578087037
8,10.5594619,0.45193135,7.622812525
9,0.067146807,0.084380336,1.189926415
10,18.65372543,0.094803817,11.30864862
